Field_Area,Discipline_Area
Humanities,Archeology
Humanities,Archeology
Humanities,Humanities
Humanities,Humanities
Humanities,Humanities
Humanities,Humanities
Humanities,Humanities
Humanities,Linguistics
Humanities,Linguistics
Humanities,Linguistics
Humanities,Linguistics
Humanities,Linguistics
Humanities,Linguistics
Humanities,Linguistics
Humanities,Linguistics
Humanities,Literary Studies
Humanities,Humanities
Humanities,Humanities
Humanities,Humanities
Humanities,Anthropology
Humanities,Anthropology
Humanities,Anthropology
Humanities,Anthropology
Humanities,Anthropology
Humanities,Anthropology
Humanities,Anthropology
Humanities,Anthropology
Humanities,Anthropology
Humanities,Anthropology
Humanities,Anthropology
Humanities,Anthropology
Humanities,Anthropology
Humanities,Anthropology
Humanities,Anthropology
Humanities,Anthropology
Humanities,Anthropology
Humanities,Anthropology
Humanities,Anthropology
Humanities,Anthropology
Social Sciences,Education
Social Sciences,Social and Behavioural Sciences
Social Sciences,Social and Behavioural Sciences
Social Sciences,Social and Behavioural Sciences
Social Sciences,Social and Behavioural Sciences
Social Sciences,Psychology
Social Sciences,Psychology
Social Sciences,Psychology
Social Sciences,Psychology
Social Sciences,Psychology
Social Sciences,Psychology
Social Sciences,Psychology
Social Sciences,Psychology
Social Sciences,Psychology
Social Sciences,Social Sciences
Social Sciences,Social Sciences
Social Sciences,Social Sciences
Social Sciences,Social Sciences
Life Sciences,Biology
Life Sciences,Biology
Life Sciences,Biology
Life Sciences,Biology
Life Sciences,Biology
Life Sciences,Biology
Life Sciences,Biology
Life Sciences,Biology
Life Sciences,Biology
Life Sciences,Biology
Life Sciences,Biology
Life Sciences,Biology
Life Sciences,Biology
Life Sciences,Biology
Life Sciences,Biology
Life Sciences,Biology
Life Sciences,Medicine
Life Sciences,Medicine
Life Sciences,Medicine
Life Sciences,Medicine
Life Sciences,Medicine
Life Sciences,Medicine
Life Sciences,Medicine
Life Sciences,Medicine
Life Sciences,Medicine
Life Sciences,Medicine
Life Sciences,Medicine
Life Sciences,Medicine
Life Sciences,Medicine
Life Sciences,Medicine
Life Sciences,Medicine
Life Sciences,Medicine
Life Sciences,Medicine
Life Sciences,Medicine
Life Sciences,Medicine
Life Sciences,Medicine
Life Sciences,Medicine
Life Sciences,Medicine
Life Sciences,Medicine
Life Sciences, Veterinary Medicine
Life Sciences, Veterinary Medicine
Life Sciences, Veterinary Medicine
Life Sciences, Veterinary Medicine
Natural Sciences,Chemistry
Natural Sciences,Chemistry
Natural Sciences,Chemistry
Natural Sciences,Chemistry
Natural Sciences,Chemistry
Natural Sciences,Chemistry
Natural Sciences,Chemistry
Natural Sciences,Chemistry
Natural Sciences,Chemistry
Natural Sciences,Chemistry
Natural Sciences,Chemistry
Natural Sciences,Chemistry
Natural Sciences,Chemistry
Natural Sciences,Chemistry
Natural Sciences,Chemistry
Natural Sciences,Chemistry
Natural Sciences,Chemistry
Natural Sciences,Chemistry
Natural Sciences,Chemistry
Natural Sciences,Chemistry
Natural Sciences,Chemistry
Natural Sciences,Physics
Natural Sciences,Physics
Natural Sciences,Physics
Natural Sciences,Physics
Natural Sciences,Physics
Natural Sciences,Physics
Natural Sciences,Physics
Natural Sciences,Physics
Natural Sciences,Physics
Natural Sciences,Physics
Natural Sciences,Physics
Natural Sciences,Physics
Natural Sciences,Physics
Natural Sciences,Physics
Natural Sciences,Physics
Natural Sciences,Physics
Natural Sciences,Physics
Natural Sciences,Physics
Natural Sciences,Physics
Natural Sciences,Physics
Natural Sciences,Physics
Natural Sciences,Physics
Natural Sciences,Physics
Natural Sciences,Physics
Natural Sciences,Physics
Natural Sciences,Physics
Natural Sciences,Physics
Natural Sciences,Physics
Natural Sciences,Physics
Natural Sciences,Physics
Natural Sciences,Physics
Natural Sciences,Physics
Natural Sciences,Physics
Natural Sciences,Physics
Natural Sciences,Physics
Natural Sciences,Physics
Natural Sciences,Physics
Natural Sciences,Physics
Natural Sciences,Physics
Natural Sciences,Physics
Natural Sciences,Physics
Natural Sciences,Physics
Natural Sciences,Physics
Natural Sciences,Physics
Natural Sciences,Physics
Natural Sciences,Mathematics
Natural Sciences,Geosciences
Natural Sciences,Geosciences
Natural Sciences,Geosciences
Natural Sciences,Geosciences
Natural Sciences,Geosciences
Natural Sciences,Geosciences
Natural Sciences,Geosciences
Natural Sciences,Geosciences
Natural Sciences,Geosciences
Natural Sciences,Geosciences
Natural Sciences,Geosciences
Natural Sciences,Geosciences
Natural Sciences,Geosciences
Natural Sciences,Geosciences
Natural Sciences,Geosciences
Natural Sciences,Geosciences
Natural Sciences,Geosciences
Natural Sciences,Geosciences
Natural Sciences,Geosciences
Natural Sciences,Geosciences
Natural Sciences,Geosciences
Natural Sciences,Geosciences
Natural Sciences,Geosciences
Natural Sciences,Geosciences
Engineering Sciences,Mechanical and Industrial Engineering
Engineering Sciences,Mechanical and Industrial Engineering
Engineering Sciences,Mechanical and Industrial Engineering
Engineering Sciences,Mechanical and Industrial Engineering
Engineering Sciences,Mechanical and Industrial Engineering
Engineering Sciences,Mechanical and Industrial Engineering
Engineering Sciences,Mechanical and Industrial Engineering
Engineering Sciences,Mechanical and Industrial Engineering
Engineering Sciences,Mechanical and Industrial Engineering
Engineering Sciences,Mechanical and Industrial Engineering
Engineering Sciences,Mechanical and Industrial Engineering
Engineering Sciences,Mechanical and Industrial Engineering
Engineering Sciences,Mechanical and Industrial Engineering
Engineering Sciences,Mechanical and Industrial Engineering
Engineering Sciences,Mechanical and Industrial Engineering
Engineering Sciences,Mechanical and Industrial Engineering
Engineering Sciences,Process Engineering
Engineering Sciences,Process Engineering
Engineering Sciences,Process Engineering
Engineering Sciences,Process Engineering
Engineering Sciences,Process Engineering
Engineering Sciences,Process Engineering
Engineering Sciences,Process Engineering
Engineering Sciences,Process Engineering
Engineering Sciences,Process Engineering
Engineering Sciences,Process Engineering
Engineering Sciences,Process Engineering
Engineering Sciences,Process Engineering
Engineering Sciences,Process Engineering
Engineering Sciences,Process Engineering
Engineering Sciences,Process Engineering
Engineering Sciences,Process Engineering
Engineering Sciences,Process Engineering
Engineering Sciences,Process Engineering
Engineering Sciences,Materials Science
Engineering Sciences,Materials Science
Engineering Sciences,Materials Science
Engineering Sciences,Materials Science
Engineering Sciences,Materials Science
Engineering Sciences,Materials Science
Engineering Sciences,Materials Science
Engineering Sciences,Materials Science
Engineering Sciences,Materials Science
Engineering Sciences,Materials Science
Engineering Sciences,Materials Science
Engineering Sciences,Materials Science
Engineering Sciences,Systems Engineering
Engineering Sciences,Systems Engineering
Engineering Sciences,Systems Engineering
Engineering Sciences,Systems Engineering
Engineering Sciences,Systems Engineering
Engineering Sciences,Systems Engineering
Engineering Sciences,Systems Engineering
Engineering Sciences,Systems Engineering
Engineering Sciences,Systems Engineering
Engineering Sciences,Systems Engineering
Engineering Sciences,Systems Engineering
Engineering Sciences,Systems Engineering
Engineering Sciences,Systems Engineering
Engineering Sciences,Electrical Engineering and Information Technology
Engineering Sciences,Electrical Engineering and Information Technology
Engineering Sciences,Electrical Engineering and Information Technology
Engineering Sciences,Electrical Engineering and Information Technology
Engineering Sciences,Electrical Engineering and Information Technology
Engineering Sciences,Electrical Engineering and Information Technology
Engineering Sciences,Electrical Engineering and Information Technology
Engineering Sciences,Electrical Engineering and Information Technology
Engineering Sciences,Electrical Engineering and Information Technology
Engineering Sciences,Electrical Engineering and Information Technology
Engineering Sciences,Electrical Engineering and Information Technology
Engineering Sciences,Electrical Engineering and Information Technology
Engineering Sciences,Electrical Engineering and Information Technology
Engineering Sciences,Electrical Engineering and Information Technology
Engineering Sciences,Civil Engineering
Engineering Sciences,Civil Engineering
Engineering Sciences,Civil Engineering
Engineering Sciences,Civil Engineering
Engineering Sciences,Civil Engineering
Engineering Sciences,Civil Engineering
Engineering Sciences,Civil Engineering
Engineering Sciences,Civil Engineering
Engineering Sciences,Civil Engineering
Engineering Sciences,Civil Engineering
Engineering Sciences,Civil Engineering
Engineering Sciences,Civil Engineering
Engineering Sciences,Civil Engineering
Engineering Sciences,Civil Engineering
Engineering Sciences,Civil Engineering
Engineering Sciences,Civil Engineering
Engineering Sciences,Civil Engineering
Engineering Sciences,Computer Science
Engineering Sciences,Computer Science
Engineering Sciences,Computer Science
Engineering Sciences,Computer Science
Engineering Sciences,Computer Science
Engineering Sciences,Computer Science
Engineering Sciences,Computer Science
Engineering Sciences,Computer Science
Engineering Sciences,Computer Science
Engineering Sciences,Computer Science
Engineering Sciences,Computer Science
Engineering Sciences,Computer Science
Engineering Sciences,Computer Science
Engineering Sciences,Computer Science
Engineering Sciences,Computer Science
Engineering Sciences,Computer Science
Engineering Sciences,Computer Science
Engineering Sciences,Computer Science
Engineering Sciences,Computer Science
Engineering Sciences,Computer Science
Engineering Sciences,Computer Science
Engineering Sciences,Computer Science
Engineering Sciences,Computer Science
Engineering Sciences,Computer Science
Engineering Sciences,Computer Science